{"arabic.json":["arabic","ara","ar"],"armenian.json":["armenian","arm","hye","hy"],"basque.json":["basque","eus","eu"],"bulgarian.json":["bulgarian","bul","bg"],"catalan.json":["catalan","cat","ca"],"cebuano.json":["cebuano","ceb"],"chinese.json":["chinese","zho","zh"],"czech.json":["czech","cze","cs"],"danish.json":["danish","dan","da"],"dutch.json":["dutch","dut","nl"],"english.json":["english","eng","en"],"estonian.json":["estonian","est","et"],"finnish.json":["finnish","fin","fi"],"french.json":["french","fre","fra","fr"],"german.json":["german","ger","deu","de"],"greek.json":["greek","gre","el"],"gujarati.json":["gujarati","guj","gu"],"hebrew.json":["hebrew","heb","he"],"hindi.json":["hindi","hin","hi"],"hungarian.json":["hungarian","hun","hu"],"indonesian.json":["indonesian","ind","id"],"italian.json":["italian","ita","it"],"japanese.json":["japanese","jpn","ja"],"latvian.json":["latvian","lav","lv"],"malay.json":["malay","mal","ml"],"norwegian.json":["norwegian","nor","no"],"persian.json":["persian","farsi","per","fas","fa"],"portuguese.json":["portuguese","por","pt"],"romanian.json":["romanian","rum","rom"],"russian.json":["russian","rus","ru"],"slovak.json":["slovak","slo","slk","sk"],"spanish.json":["spanish","es","spa"],"swedish.json":["swedish","swe","sv"],"tagalog.json":["tagalog","tgl","tl"],"thai.json":["thai","tha","th"],"turkish.json":["turkish","tur","tr"],"ukrainian.json":["ukrainian","ukr","uk"],"vietnamese.json":["vietnamese","vie","ve"]}